date,country,state,confirmed,recovered,deaths,vaccinations,tests,daily_new,daily_recovered,daily_deaths
2020-01-01,USA,New York,123,20,1,0,979,23,10,0
2020-01-02,USA,New York,150,40,1,0,2051,27,20,0
2020-01-03,USA,New York,177,53,1,0,4093,27,13,0
2020-01-04,USA,New York,200,65,1,0,8066,23,12,0
2020-01-05,USA,New York,221,78,1,0,15970,21,13,0
2020-01-06,USA,New York,246,88,1,0,31549,25,10,0
2020-01-07,USA,New York,269,105,1,0,62098,23,17,0
2020-01-08,USA,New York,296,128,1,0,127262,27,23,0
2020-01-09,USA,New York,320,144,1,0,266669,24,16,0
2020-01-10,USA,New York,356,174,1,0,527843,36,30,0
2020-01-11,USA,New York,372,183,1,0,1094910,16,9,0
2020-01-12,USA,New York,399,201,1,0,2266824,27,18,0
2020-01-13,USA,New York,433,214,2,0,4660654,34,13,1
2020-01-14,USA,New York,467,228,2,0,9169279,34,14,0
2020-01-15,USA,New York,504,248,2,0,18307816,37,20,0
2020-01-16,USA,New York,531,267,2,0,36997024,27,19,0
2020-01-17,USA,New York,553,284,2,0,76422720,22,17,0
2020-01-18,USA,New York,583,302,2,0,150261107,30,18,0
2020-01-19,USA,New York,609,324,2,0,302258847,26,22,0
2020-01-20,USA,New York,642,338,2,0,596714335,33,14,0
2020-01-21,USA,New York,680,365,3,0,1235527350,38,27,1
2020-01-22,USA,New York,703,380,3,0,2575350128,23,15,0
2020-01-23,USA,New York,727,392,3,0,5337933914,24,12,0
2020-01-24,USA,New York,760,413,3,0,10586810654,33,21,0
2020-01-25,USA,New York,779,429,3,0,21468131487,19,16,0
2020-01-26,USA,New York,807,453,4,0,42673650714,28,24,1
2020-01-27,USA,New York,831,466,4,0,87115469213,24,13,0
2020-01-28,USA,New York,854,478,4,0,173005596942,23,12,0
2020-01-29,USA,New York,870,492,4,0,354803395777,16,14,0
2020-01-30,USA,New York,895,511,4,0,725518260144,25,19,0
2020-01-31,USA,New York,917,520,4,0,1449670376474,22,9,0
2020-02-01,USA,New York,931,529,4,0,2830464266755,14,9,0
2020-02-02,USA,New York,949,542,4,0,5812756506909,18,13,0
2020-02-03,USA,New York,961,547,4,0,12099839193742,12,5,0
2020-02-04,USA,New York,974,557,4,0,24555989451843,13,10,0
2020-02-05,USA,New York,986,567,4,0,50216144337106,12,10,0
2020-02-06,USA,New York,998,576,4,0,104603390445414,12,9,0
2020-02-07,USA,New York,1015,583,4,0,218075383561386,17,7,0
2020-02-08,USA,New York,1029,589,4,0,425412568970506,14,6,0
2020-02-09,USA,New York,1037,594,4,0,843865556954315,8,5,0
2020-02-10,USA,New York,1051,601,4,0,1727768260286462,14,7,0
2020-02-11,USA,New York,1062,607,4,0,3432381741808950,11,6,0
2020-02-12,USA,New York,1077,618,4,0,6990167550582978,15,11,0
2020-02-13,USA,New York,1087,625,4,0,13656322625563339,10,7,0
2020-02-14,USA,New York,1098,634,4,0,28503881610571969,11,9,0
2020-02-15,USA,New York,1107,641,4,0,59715581318661785,9,7,0
2020-02-16,USA,New York,1115,647,4,0,117963587256038985,8,6,0
2020-02-17,USA,New York,1127,652,4,0,247547540709518777,12,5,0
2020-02-18,USA,New York,1133,657,4,0,508599384261441849,6,5,0
2020-02-19,USA,New York,1146,664,4,0,1053572275367178233,13,7,0
2020-02-20,USA,New York,1157,672,4,0,2165401862981716345,11,8,0
2020-02-21,USA,New York,1167,676,4,0,4234208052810236281,10,4,0
2020-02-22,USA,New York,1179,682,4,0,8276077363565657977,12,6,0
2020-02-23,USA,New York,1191,689,4,0,16406273586990249849,12,7,0
2020-02-24,USA,New York,1206,695,4,0,33322704652011661177,15,6,0
2020-02-25,USA,New York,1223,710,4,0,66593541545914218361,17,15,0
2020-02-26,USA,New York,1243,722,4,0,130110635382261290873,20,12,0
2020-02-27,USA,New York,1262,731,4,0,258599628367423608697,19,9,0
2020-02-28,USA,New York,1280,744,4,0,541308446324544673657,18,13,0
2020-02-29,USA,New York,1302,759,4,0,1075666301887859234681,22,15,0
2020-03-01,USA,New York,1320,766,4,0,2104971812454417012601,18,7,0
2020-03-02,USA,New York,1344,776,4,0,4254191744009008813945,24,10,0
2020-03-03,USA,New York,1361,786,4,0,8700945425746617145209,17,10,0
2020-03-04,USA,New York,1373,794,4,0,18084684285088800675705,12,8,0
2020-03-05,USA,New York,1399,805,4,0,35337051658092537681785,26,11,0
2020-03-06,USA,New York,1425,822,4,0,72317037084201411647353,26,17,0
2020-03-07,USA,New York,1450,843,4,0,151444790361548524590969,25,21,0
2020-03-08,USA,New York,1485,858,4,0,295731281289890175620985,35,15,0
2020-03-09,USA,New York,1504,866,4,0,614154407251764511217529,19,8,0
2020-03-10,USA,New York,1528,883,4,0,1278436589793098560673657,24,17,0
2020-03-11,USA,New York,1553,902,4,0,2682896052483322823022457,25,19,0
2020-03-12,USA,New York,1581,924,4,0,5606216075544739920713593,28,22,0
2020-03-13,USA,New York,1617,951,5,0,11018841550998297762568057,36,27,1
2020-03-14,USA,New York,1655,981,5,0,22966885308452393107560313,38,30,0
2020-03-15,USA,New York,1683,1004,5,0,45885472305276733043480441,28,23,0
2020-03-16,USA,New York,1714,1023,5,0,91738810179434272436230009,31,19,0
2020-03-17,USA,New York,1747,1049,6,0,180145750756115300510308217,33,26,1
2020-03-18,USA,New York,1777,1069,6,0,375271634442275488815617913,30,20,0
2020-03-19,USA,New York,1804,1081,6,0,766579642621801969372600185,27,12,0
2020-03-20,USA,New York,1825,1096,6,0,1589333481692904154858493817,21,15,0
2020-03-21,USA,New York,1857,1110,7,0,3188426455338420354097846137,32,14,1
2020-03-22,USA,New York,1883,1132,8,0,6577745228423088730837849977,26,22,1
2020-03-23,USA,New York,1908,1151,8,0,13245166839992476601667262329,25,19,0
2020-03-24,USA,New York,1943,1173,8,0,26759198597167857051518343033,35,22,0
2020-03-25,USA,New York,1958,1179,8,0,55174971727476857659314902905,15,6,0
2020-03-26,USA,New York,1981,1198,8,0,115563061325715495792708392825,23,19,0
2020-03-27,USA,New York,1996,1211,8,0,236258254597717282793176668025,15,13,0
2020-03-28,USA,New York,2022,1229,8,0,492639499266851600622942132089,26,18,0
2020-03-29,USA,New York,2033,1238,8,0,994318200749847589252944074617,11,9,0
2020-03-30,USA,New York,2056,1249,8,0,1991622174202474987390576334713,23,11,0
2020-03-31,USA,New York,2077,1267,8,0,4092234392317965905142709458809,21,18,0
2020-04-01,USA,New York,2096,1282,8,0,8079677059814131195307435726713,19,15,0
2020-04-02,USA,New York,2123,1301,8,0,16885792006136153603288491595641,27,19,0
2020-04-03,USA,New York,2145,1310,8,0,34980319654984935894841783457657,22,9,0
2020-04-04,USA,New York,2162,1325,8,0,72610374237232390043666707617657,17,15,0
2020-04-05,USA,New York,2177,1333,8,0,151008402065281396661080616310649,15,8,0
2020-04-06,USA,New York,2196,1344,8,0,316076842194560705352173277386617,19,11,0
2020-04-07,USA,New York,2210,1354,8,0,633330883415539528391675153979257,14,10,0
2020-04-08,USA,New York,2223,1362,8,0,1287426169524920497082929619375993,13,8,0
2020-04-09,USA,New York,2235,1369,8,0,2516039366180808642724364216670073,12,7,0
2020-04-10,USA,New York,2249,1379,8,0,4957744164202648654333494903674745,14,10,0
2020-04-11,USA,New York,2261,1386,8,0,9926585346588129822759907548436345,12,7,0
2020-04-12,USA,New York,2272,1392,8,0,20640890469048076209711926548076409,11,6,0
2020-04-13,USA,New York,2289,1406,8,0,41049295534612519064977026037290873,17,14,0
2020-04-14,USA,New York,2299,1413,8,0,80513246718860185114288436390369145,10,7,0
2020-04-15,USA,New York,2305,1415,8,0,164740667068411517644992191477553017,6,2,0
2020-04-16,USA,New York,2312,1420,8,0,337740386855997618294382956132669305,7,5,0
2020-04-17,USA,New York,2319,1422,8,0,672707435701044953745891807182428025,7,2,0
2020-04-18,USA,New York,2326,1425,8,0,1332599833608150967962850656211933049,7,3,0
2020-04-19,USA,New York,2335,1431,8,0,2758363800221516646002791960367044473,9,6,0
2020-04-20,USA,New York,2348,1441,8,0,5404080695450213454256406355794433913,13,10,0
2020-04-21,USA,New York,2357,1447,8,0,10707658451655338233566583200935810937,9,6,0
2020-04-22,USA,New York,2368,1454,8,0,21622833545085975793820163440598030201,11,7,0
2020-04-23,USA,New York,2384,1462,8,0,45068061678877619834843057618402908025,16,8,0
2020-04-24,USA,New York,2398,1468,8,0,91483324446185884811138275184551630713,14,6,0
2020-04-25,USA,New York,2410,1475,8,0,182812213590422878137783094125774477177,12,7,0
2020-04-26,USA,New York,2422,1480,8,0,372761209062042493951711848478302771065,12,5,0
2020-04-27,USA,New York,2441,1492,8,0,756916230259494960761942336545635669881,19,12,0
2020-04-28,USA,New York,2460,1503,8,0,1508205837334361858687170934280164448121,19,11,0
2020-04-29,USA,New York,2477,1514,8,0,3164181591329345579515393488551254398841,17,11,0
2020-04-30,USA,New York,2498,1523,8,0,6286892340552140510136135747977869236089,21,9,0
2020-05-01,USA,New York,2514,1531,8,38,13105120215980051641240690115029380339577,16,8,0
2020-05-02,USA,New York,2529,1544,8,83,27161158578397617330665831797334059489145,15,13,0
2020-05-03,USA,New York,2553,1556,8,129,53726307965225674661863109828277933414265,24,12,0
2020-05-04,USA,New York,2577,1566,8,181,107092358630923986608370713112094927984505,24,10,0
2020-05-05,USA,New York,2602,1576,8,227,210989317048503022733210196530751483123577,25,10,0
2020-05-06,USA,New York,2624,1593,8,275,426353798938360984407203403933301268780921,22,17,0
2020-05-07,USA,New York,2660,1624,8,339,878131126615838157814292745123383845295993,36,31,0
2020-05-08,USA,New York,2689,1637,8,381,1738913980757393162738563029881859547830137,29,13,0
2020-05-09,USA,New York,2723,1659,8,429,3619688705129095597204958439792557271521145,34,22,0
2020-05-10,USA,New York,2751,1676,8,479,7464309959392617488109052220635514880890745,28,17,0
2020-05-11,USA,New York,2788,1700,9,532,15254330304305418410299796862045138186114937,37,24,1
2020-05-12,USA,New York,2811,1716,9,588,31791304001159777524581104560655792714258297,23,16,0
2020-05-13,USA,New York,2838,1736,9,635,64710673235091941899735860694995048045975417,27,20,0
2020-05-14,USA,New York,2860,1746,9,676,133924840791451349288924602706443605926451065,22,10,0
2020-05-15,USA,New York,2894,1770,9,720,272056082243673512514114448539585267837671289,34,24,0
2020-05-16,USA,New York,2925,1789,10,772,536767387665912987007701325689098480721565561,31,19,1
2020-05-17,USA,New York,2957,1815,11,826,1092198165344305388192873594694309516347938681,32,26,1
2020-05-18,USA,New York,2988,1833,11,889,2282863513314738657165520326554483184539506553,31,18,0
2020-05-19,USA,New York,3023,1863,12,941,4629249321453573077348605013473167296841095033,35,30,1
2020-05-20,USA,New York,3040,1876,12,989,9258613798972951222871634474643199217473918841,17,13,0
2020-05-21,USA,New York,3077,1897,13,1033,18682333598147081513293712524851164938843953017,37,21,1
2020-05-22,USA,New York,3098,1910,13,1080,38994268963584564428584492817869566567327438713,21,13,0
2020-05-23,USA,New York,3127,1931,13,1121,81660259646838135436028622488060774106414421881,29,21,0
2020-05-24,USA,New York,3153,1942,13,1182,161808648096360718847524317620668353235818354553,26,11,0
2020-05-25,USA,New York,3173,1954,13,1238,317121697705026335889336586478231033695052994425,20,12,0
2020-05-26,USA,New York,3197,1968,13,1281,625771818076055375104116194679251869424217462649,24,14,0
2020-05-27,USA,New York,3230,1985,13,1336,1258621194051987843023632833796164114333288077177,33,17,0
2020-05-28,USA,New York,3248,1992,13,1378,2605330029178445682869018064312945390745506781049,18,7,0
2020-05-29,USA,New York,3265,2000,13,1436,5414799312530855367105415515580591235095303526265,17,8,0
2020-05-30,USA,New York,3287,2012,13,1474,10569419080408295574248678267881932069836219717497,22,12,0
2020-05-31,USA,New York,3307,2028,13,1519,21152288832653701445413088761503440492169017661305,20,16,0
2020-06-01,USA,New York,3326,2041,13,1568,42998522436469713402266559514984972382581282543481,19,13,0
2020-06-02,USA,New York,3338,2048,13,1616,89006007876432768532321394822012141403957410895737,12,7,0
2020-06-03,USA,New York,3351,2057,13,1666,175422244533027072400934194962642903083231156868985,13,9,0
2020-06-04,USA,New York,3363,2067,13,1711,357243448961149838427988877158598349600320762386297,12,10,0
2020-06-05,USA,New York,3373,2071,13,1763,743453451272446141891160932734460626919324393641849,10,4,0
2020-06-06,USA,New York,3388,2083,13,1813,1492461079152650258117506220426726430924666436556665,15,12,0
2020-06-07,USA,New York,3398,2088,13,1859,3071271308489403949522429935392137896744430784714617,10,5,0
2020-06-08,USA,New York,3410,2098,13,1911,6088000084224584179468359636013558718623952060520313,12,10,0
2020-06-09,USA,New York,3421,2104,13,1948,11968945690346428272587461399760498010454550774781817,11,6,0
2020-06-10,USA,New York,3432,2110,13,2005,24810012769437443535123488371930200904576488032933753,11,6,0
2020-06-11,USA,New York,3440,2114,13,2054,51793309128522498882353415899721038472401937691023225,8,4,0
2020-06-12,USA,New York,3452,2123,13,2119,104799293566196628195961183994998712832596762532222841,12,9,0
2020-06-13,USA,New York,3459,2129,13,2165,215321995153015942247280973809069057030100023968241529,7,6,0
2020-06-14,USA,New York,3469,2137,13,2209,446650450604480894711372356166973296359915459421640569,10,8,0
2020-06-15,USA,New York,3477,2140,13,2266,907112983004233570443104938036423966280848012853876601,8,3,0
2020-06-16,USA,New York,3488,2147,13,2325,1772190456720063170082031569848527445828303868357744505,11,7,0
2020-06-17,USA,New York,3503,2160,13,2372,3721050786672513980163993756455066635473243233522259833,15,13,0
2020-06-18,USA,New York,3513,2167,13,2428,7805322719093720607675823208841367453400724414169847673,10,7,0
2020-06-19,USA,New York,3523,2172,13,2473,15635570359791894257555314390525817614799057176496150393,10,5,0
2020-06-20,USA,New York,3532,2175,13,2521,31492633741177555250666917135217782076355486703496959865,9,3,0
2020-06-21,USA,New York,3548,2184,13,2570,65873450729534040738423743805476589297882915807466329977,16,9,0
2020-06-22,USA,New York,3563,2193,13,2614,130197505515395856652459576008502281394216927600473773945,15,9,0
2020-06-23,USA,New York,3580,2200,13,2656,271145143399815100428442862732776310355362576969492305785,17,7,0
2020-06-24,USA,New York,3598,2208,13,2700,537861425284947614790581070429240383876184066014880700281,18,8,0
2020-06-25,USA,New York,3615,2215,13,2741,1070258181925023423689019566840586742125720256607449749369,17,7,0
2020-06-26,USA,New York,3636,2229,13,2788,2152576013737167678443681535117874160338968799483015436153,21,14,0
2020-06-27,USA,New York,3657,2238,13,2838,4418138190661881307725142092502506255211710685811425908601,21,9,0
2020-06-28,USA,New York,3677,2249,13,2883,8990291771161862756925926607858616328536482165322411906937,20,11,0
2020-01-01,USA,California,124,29,1,0,1028,24,19,0
2020-01-02,USA,California,150,48,1,0,2120,26,19,0
2020-01-03,USA,California,167,62,1,0,4396,17,14,0
2020-01-04,USA,California,184,75,1,0,9111,17,13,0
2020-01-05,USA,California,214,87,1,0,18609,30,12,0
2020-01-06,USA,California,235,101,1,0,36586,21,14,0
2020-01-07,USA,California,265,127,1,0,74814,30,26,0
2020-01-08,USA,California,301,158,2,0,146648,36,31,1
2020-01-09,USA,California,325,168,2,0,293572,24,10,0
2020-01-10,USA,California,355,193,3,0,615130,30,25,1
2020-01-11,USA,California,388,218,3,0,1201544,33,25,0
2020-01-12,USA,California,414,238,3,0,2423376,26,20,0
2020-01-13,USA,California,442,251,3,0,4977741,28,13,0
2020-01-14,USA,California,467,269,3,0,9910627,25,18,0
2020-01-15,USA,California,509,294,4,0,19949686,42,25,1
2020-01-16,USA,California,541,311,5,0,40126800,32,17,1
2020-01-17,USA,California,579,330,5,0,82169655,38,19,0
2020-01-18,USA,California,607,347,6,0,162517512,28,17,1
2020-01-19,USA,California,641,362,6,0,339357233,34,15,0
2020-01-20,USA,California,672,381,6,0,668119009,31,19,0
2020-01-21,USA,California,704,397,6,0,1309266949,32,16,0
2020-01-22,USA,California,733,420,6,0,2642471254,29,23,0
2020-01-23,USA,California,759,438,6,0,5428289393,26,18,0
2020-01-24,USA,California,792,451,6,0,10670603022,33,13,0
2020-01-25,USA,California,811,464,6,0,21703444232,19,13,0
2020-01-26,USA,California,836,478,6,0,42577529857,25,14,0
2020-01-27,USA,California,858,493,6,0,88139233833,22,15,0
2020-01-28,USA,California,876,501,6,0,181211740362,18,8,0
2020-01-29,USA,California,888,510,6,0,372773034067,12,9,0
2020-01-30,USA,California,914,530,6,0,776941944402,26,20,0
2020-01-31,USA,California,935,543,6,0,1576384437622,21,13,0
2020-02-01,USA,California,957,552,6,0,3111675215988,22,9,0
2020-02-02,USA,California,981,573,6,0,6152770441871,24,21,0
2020-02-03,USA,California,1002,586,6,0,12661664878112,21,13,0
2020-02-04,USA,California,1014,591,6,0,25179650669191,12,5,0
2020-02-05,USA,California,1028,601,6,0,50707384833443,14,10,0
2020-02-06,USA,California,1040,611,6,0,105474135385703,12,10,0
2020-02-07,USA,California,1054,621,6,0,219493098131487,14,10,0
2020-02-08,USA,California,1072,630,6,0,458050159959052,18,9,0
2020-02-09,USA,California,1081,636,6,0,902237501802848,9,6,0
2020-02-10,USA,California,1089,643,6,0,1874991869348458,8,7,0
2020-02-11,USA,California,1100,652,6,0,3801025898152141,11,9,0
2020-02-12,USA,California,1109,656,6,0,7964714702874310,9,4,0
2020-02-13,USA,California,1117,660,6,0,15687549376066268,8,4,0
2020-02-14,USA,California,1136,669,6,0,30990184111034978,19,9,0
2020-02-15,USA,California,1146,677,6,0,61587014181298126,10,8,0
2020-02-16,USA,California,1157,682,6,0,120433450207122030,11,5,0
2020-02-17,USA,California,1170,690,6,0,249399673341189166,13,8,0
2020-02-18,USA,California,1181,695,6,0,496420682764756366,11,5,0
2020-02-19,USA,California,1198,702,6,0,1037559562463997582,17,7,0
2020-02-20,USA,California,1207,705,6,0,2176794274608442510,9,3,0
2020-02-21,USA,California,1228,723,6,0,4528140771637329038,21,18,0
2020-02-22,USA,California,1240,730,6,0,8924728585763647118,12,7,0
2020-02-23,USA,California,1256,741,6,0,17528926502603536014,16,11,0
2020-02-24,USA,California,1272,754,6,0,36002555091632129678,16,13,0
2020-02-25,USA,California,1289,766,6,0,73286493754560661134,17,12,0
2020-02-26,USA,California,1307,775,6,0,147238404017160881806,18,9,0
2020-02-27,USA,California,1326,788,6,0,288179687381899953806,19,13,0
2020-02-28,USA,California,1349,803,6,0,599925941367098459790,23,15,0
2020-02-29,USA,California,1367,816,6,0,1238452779726492944014,18,13,0
2020-03-01,USA,California,1391,835,6,0,2516131526001719002766,24,19,0
2020-03-02,USA,California,1410,849,6,0,5075802301112821761678,19,14,0
2020-03-03,USA,California,1428,858,6,0,10357262351003277084302,18,9,0
2020-03-04,USA,California,1453,873,6,0,21537927550216068679310,25,15,0
2020-03-05,USA,California,1477,882,6,0,43227252576769233929870,24,9,0
2020-03-06,USA,California,1500,897,6,0,89252712815463707461262,23,15,0
2020-03-07,USA,California,1531,924,6,0,176663847439924759381646,31,27,0
2020-03-08,USA,California,1565,953,6,0,369256662060144101705358,34,29,0
2020-03-09,USA,California,1590,969,6,0,735829173550757940577934,25,16,0
2020-03-10,USA,California,1615,985,6,0,1502232098928545025246862,25,16,0
2020-03-11,USA,California,1647,1004,6,0,2970171848046316460459662,32,19,0
2020-03-12,USA,California,1679,1025,6,0,5839451527917590043182734,32,21,0
2020-03-13,USA,California,1710,1052,6,0,12092913643380511722194574,31,27,0
2020-03-14,USA,California,1741,1074,7,0,24672467572771980354537102,31,22,1
2020-03-15,USA,California,1766,1091,7,0,51219529380996139005789838,25,17,0
2020-03-16,USA,California,1804,1110,8,0,101989397664717397576140430,38,19,1
2020-03-17,USA,California,1840,1136,8,0,208423380958891089483286158,36,26,0
2020-03-18,USA,California,1869,1150,8,0,433399655467289156633249422,29,14,0
2020-03-19,USA,California,1893,1159,8,0,884596480072782428116108942,24,9,0
2020-03-20,USA,California,1923,1176,8,0,1790878868356470735795930766,30,17,0
2020-03-21,USA,California,1955,1195,8,0,3678224183959052526840465038,32,19,0
2020-03-22,USA,California,1975,1208,8,0,7216355495273661164712642190,20,13,0
2020-03-23,USA,California,1994,1217,8,0,14317238191846091496768947854,19,9,0
2020-03-24,USA,California,2018,1232,8,0,29637448688232911782971197070,24,15,0
2020-03-25,USA,California,2039,1249,8,0,60162351299840586022605833870,21,17,0
2020-03-26,USA,California,2061,1265,8,0,123289255311247176194076984974,22,16,0
2020-03-27,USA,California,2086,1280,8,0,250812821210952932606722721422,25,15,0
2020-03-28,USA,California,2121,1306,8,0,509243869345202081292041078414,35,26,0
2020-03-29,USA,California,2136,1317,8,0,1043815878125773410002322605710,15,11,0
2020-03-30,USA,California,2153,1325,8,0,2180583711748859230970961741454,17,8,0
2020-03-31,USA,California,2173,1338,8,0,4281289730658933323229273540238,20,13,0
2020-04-01,USA,California,2195,1355,8,0,8803666184200816369973279606414,22,17,0
2020-04-02,USA,California,2210,1361,8,0,17898472568085720881940735739534,15,6,0
2020-04-03,USA,California,2224,1369,8,0,36286502621349942545835513366158,14,8,0
2020-04-04,USA,California,2247,1389,8,0,71893597710503364407792469296782,23,20,0
2020-04-05,USA,California,2269,1406,8,0,149660625424616113699160605083278,22,17,0
2020-04-06,USA,California,2287,1413,8,0,295733687693909017268635782104718,18,7,0
2020-04-07,USA,California,2302,1426,8,0,613165972524145767066719899109006,15,13,0
2020-04-08,USA,California,2321,1439,8,0,1211754410959921859105238267479694,19,13,0
2020-04-09,USA,California,2333,1444,8,0,2375312315862327058719116344968846,12,5,0
2020-04-10,USA,California,2353,1461,8,0,4742958121111835358811525356734094,20,17,0
2020-04-11,USA,California,2364,1465,8,0,9402467343998701137004972832999054,11,4,0
2020-04-12,USA,California,2376,1470,8,0,19435974118266038126299800645158542,12,5,0
2020-04-13,USA,California,2386,1478,8,0,39926452538525464955809990363334286,10,8,0
2020-04-14,USA,California,2392,1481,8,0,82001914493847582367855925702706830,6,3,0
2020-04-15,USA,California,2396,1484,8,0,167471109028318619271911086414120590,4,3,0
2020-04-16,USA,California,2404,1489,8,0,329852194368349909181992743357925006,8,5,0
2020-04-17,USA,California,2419,1496,8,0,663702020162015584742509540708206222,15,7,0
2020-04-18,USA,California,2432,1503,8,0,1296129632250776084054773802582689422,13,7,0
2020-04-19,USA,California,2440,1506,8,0,2569292211374620601332690696995358350,8,3,0
2020-04-20,USA,California,2460,1515,8,0,5185234034187020432901227195094025870,20,9,0
2020-04-21,USA,California,2476,1525,8,0,10363734466593423137061443417768216206,16,10,0
2020-04-22,USA,California,2491,1533,8,0,20923519856251287289683699217117234830,15,8,0
2020-04-23,USA,California,2502,1539,8,0,43439962697991360655133315325052864142,11,6,0
2020-04-24,USA,California,2516,1549,8,0,88856463347725969485497737758667458190,14,10,0
2020-04-25,USA,California,2532,1559,8,0,183098967024332073640253169984470009486,16,10,0
2020-04-26,USA,California,2548,1565,8,0,376716696558894570097338442579611502222,16,6,0
2020-04-27,USA,California,2557,1568,8,0,776272315218839431366262208576350078606,9,3,0
2020-04-28,USA,California,2573,1577,8,0,1590741568997736436423732404505983075982,16,9,0
2020-04-29,USA,California,2587,1583,8,0,3284333964745823415521758983399319553678,14,6,0
2020-04-30,USA,California,2604,1590,8,0,6550002128860735151748415695915906516622,17,7,0
2020-05-01,USA,California,2629,1604,8,52,12891766345882267421992054262846432757390,25,14,0
2020-05-02,USA,California,2653,1614,8,104,26683469884863074988745885913819153188494,24,10,0
2020-05-03,USA,California,2678,1628,8,151,52931794862628823043146716211208299497102,25,14,0
2020-05-04,USA,California,2701,1648,8,194,104181692871009295175185164420866210023054,23,20,0
2020-05-05,USA,California,2728,1669,8,256,216382995625118534887819994331880708130446,27,21,0
2020-05-06,USA,California,2758,1693,8,309,447148345131843800495722984706981402527374,30,24,0
2020-05-07,USA,California,2795,1710,8,366,920632380309428858469746020248538813843086,37,17,0
2020-05-08,USA,California,2822,1730,8,416,1876757121524971542730025909977691757495950,27,20,0
2020-05-09,USA,California,2851,1754,8,458,3873942426722461396831305837854284182472334,29,24,0
2020-05-10,USA,California,2871,1770,8,513,7876742802439382004785388632193097829205646,20,16,0
2020-05-11,USA,California,2895,1789,8,569,15365827312881845516338923877926820470867598,24,19,0
2020-05-12,USA,California,2929,1818,8,610,30716899474085441231063394121655786605135502,34,29,0
2020-05-13,USA,California,2957,1839,9,658,62630426454000317119561257831834537015920270,28,21,1
2020-05-14,USA,California,2990,1862,9,697,129590469217277530731689181658931657229485710,33,23,0
2020-05-15,USA,California,3020,1874,9,748,263615872655482846205000601747103138468349582,30,12,0
2020-05-16,USA,California,3053,1891,10,785,533753167651006565908157389432267336677607054,33,17,1
2020-05-17,USA,California,3080,1911,10,834,1082232776529996178671558000160085899982423694,27,20,0
2020-05-18,USA,California,3107,1922,10,897,2207466767381253573879042822728373038393345678,27,11,0
2020-05-19,USA,California,3135,1944,10,955,4440287909662189549763171948681205600747538062,28,22,0
2020-05-20,USA,California,3165,1958,10,981,8881360388498217751069597075897186371042821774,30,14,0
2020-05-21,USA,California,3199,1980,10,1026,18571829465448992658613763447742939496026490510,34,22,0
2020-05-22,USA,California,3233,1996,11,1076,37491472766195703482565742664036862146799224462,34,16,1
2020-05-23,USA,California,3251,2007,11,1132,77210922577167173398820059444778476649735800462,18,11,0
2020-05-24,USA,California,3278,2027,11,1169,161640463642175142958598044003448674182471108238,27,20,0
2020-05-25,USA,California,3300,2038,11,1214,321249418618814093903611254639764586140109129358,22,11,0
2020-05-26,USA,California,3323,2047,11,1255,628056118734172191533116567954656741284949018254,23,9,0
2020-05-27,USA,California,3345,2065,11,1319,1287244007624918058284759336267727661965118555790,22,18,0
2020-05-28,USA,California,3366,2081,11,1372,2559658332717140846001209457102616671935782733454,21,16,0
2020-05-29,USA,California,3388,2100,11,1412,5125526283445889321325065319903988757405664036494,22,19,0
2020-05-30,USA,California,3404,2113,11,1452,10397174333634385752052129586359235354918230443662,16,13,0
2020-05-31,USA,California,3426,2129,11,1501,20401946850667921152411175724177894373019602667150,22,16,0
2020-06-01,USA,California,3449,2143,11,1552,41775965270503764228103383566341978082222022870670,23,14,0
2020-06-02,USA,California,3466,2153,11,1595,86390261890045583237299540865491734841358947468942,17,10,0
2020-06-03,USA,California,3477,2161,11,1654,171115972725125837376078113430496738051976251590286,11,8,0
2020-06-04,USA,California,3495,2168,11,1705,357013461806096368895456178196062025681575534937742,18,7,0
2020-06-05,USA,California,3513,2182,11,1755,707088355867859920646179611588655382812771930359438,18,14,0
2020-06-06,USA,California,3530,2194,11,1817,1420820210515393993366499125050194713919514294109838,17,12,0
2020-06-07,USA,California,3538,2200,11,1878,2953284052361777922337268713617928519324771471607438,8,6,0
2020-06-08,USA,California,3546,2206,11,1927,5826284975195905681667498369624527171174359621453454,8,6,0
2020-06-09,USA,California,3552,2210,11,1981,12206468991771503490477117598930998975936025621186190,6,4,0
2020-06-10,USA,California,3562,2214,11,2019,24768267604011299601395222038021212445987325148677774,10,4,0
2020-06-11,USA,California,3576,2224,11,2076,50048623718900189939086597704557323761201154833270414,14,10,0
2020-06-12,USA,California,3585,2231,11,2131,98899295540602493574262584374453166880797437273851534,9,7,0
2020-06-13,USA,California,3590,2233,11,2186,199534535488139756794373969144464830475996087829153422,5,2,0
2020-06-14,USA,California,3601,2242,11,2239,418397131552022217220544359020640416561835912779024014,11,9,0
2020-06-15,USA,California,3613,2250,11,2298,826849890277860838992205407082779221775248555136534158,12,8,0
2020-06-16,USA,California,3627,2260,11,2344,1675940565000090124945953294473807485282213297123247758,14,10,0
2020-06-17,USA,California,3639,2265,11,2403,3383814066921268864919816002653339054232307243772036750,12,5,0
2020-06-18,USA,California,3645,2267,11,2448,7064427483272784264438337440589386454320833055145608846,6,2,0
2020-06-19,USA,California,3659,2278,11,2488,14700459523936349378565284268859417734015719404266866318,14,11,0
2020-06-20,USA,California,3671,2284,11,2534,29699561747040225982647283604833810371025902134748006030,12,6,0
2020-06-21,USA,California,3681,2291,11,2593,61936483255848140668020784190649151888758046057111242382,10,7,0
2020-06-22,USA,California,3695,2297,11,2650,123001304993134993564498985750704483682480898838227863182,14,6,0
2020-06-23,USA,California,3714,2305,11,2690,250903815461908934846042907576855982210572645210479675022,19,8,0
2020-06-24,USA,California,3735,2322,11,2740,510781419856405485769970577699581561068037892401608541838,21,17,0
2020-06-25,USA,California,3749,2333,11,2789,1064406415714697710319142421860751004838181310241972438670,14,11,0
2020-06-26,USA,California,3767,2346,11,2828,2157397004443594308895591044479870659658671410586971031182,18,13,0
2020-06-27,USA,California,3785,2361,11,2878,4447558251757277657097016254406911595336208185707143906958,18,15,0
2020-06-28,USA,California,3796,2367,11,2919,8703192409137915439235944791791496209942753963978755425934,11,6,0
2020-01-01,India,Maharashtra,120,24,1,0,990,20,14,0
2020-01-02,India,Maharashtra,141,32,1,0,1935,21,8,0
2020-01-03,India,Maharashtra,156,44,1,0,3922,15,12,0
2020-01-04,India,Maharashtra,176,55,1,0,8010,20,11,0
2020-01-05,India,Maharashtra,193,66,1,0,16212,17,11,0
2020-01-06,India,Maharashtra,211,76,1,0,32612,18,10,0
2020-01-07,India,Maharashtra,245,99,1,0,67623,34,23,0
2020-01-08,India,Maharashtra,260,105,1,0,138829,15,6,0
2020-01-09,India,Maharashtra,280,117,1,0,273236,20,12,0
2020-01-10,India,Maharashtra,307,128,1,0,547350,27,11,0
2020-01-11,India,Maharashtra,347,157,1,0,1116073,40,29,0
2020-01-12,India,Maharashtra,385,188,2,0,2196525,38,31,1
2020-01-13,India,Maharashtra,423,213,2,0,4287080,38,25,0
2020-01-14,India,Maharashtra,451,231,2,0,8387932,28,18,0
2020-01-15,India,Maharashtra,473,243,2,0,17177174,22,12,0
2020-01-16,India,Maharashtra,509,265,3,0,34205029,36,22,1
2020-01-17,India,Maharashtra,536,281,3,0,70919453,27,16,0
2020-01-18,India,Maharashtra,565,301,3,0,144687111,29,20,0
2020-01-19,India,Maharashtra,598,320,3,0,291483673,33,19,0
2020-01-20,India,Maharashtra,625,331,3,0,596240156,27,11,0
2020-01-21,India,Maharashtra,651,346,3,0,1223227281,26,15,0
2020-01-22,India,Maharashtra,681,361,4,0,2468595273,30,15,1
2020-01-23,India,Maharashtra,711,380,4,0,5000925399,30,19,0
2020-01-24,India,Maharashtra,752,397,4,0,10042848454,41,17,0
2020-01-25,India,Maharashtra,772,412,4,0,20019280696,20,15,0
2020-01-26,India,Maharashtra,805,440,4,0,41705377730,33,28,0
2020-01-27,India,Maharashtra,831,463,4,0,87338164343,26,23,0
2020-01-28,India,Maharashtra,852,474,4,0,172328832235,21,11,0
2020-01-29,India,Maharashtra,875,491,4,0,347426334393,23,17,0
2020-01-30,India,Maharashtra,893,499,4,0,695327668967,18,8,0
2020-01-31,India,Maharashtra,914,513,4,0,1402202340243,21,14,0
2020-02-01,India,Maharashtra,935,525,4,0,2919451476419,21,12,0
2020-02-02,India,Maharashtra,954,538,4,0,5865968199211,19,13,0
2020-02-03,India,Maharashtra,971,552,4,0,12074048376630,17,14,0
2020-02-04,India,Maharashtra,987,559,4,0,23770458216365,16,7,0
2020-02-05,India,Maharashtra,1006,574,4,0,46882935777937,19,15,0
2020-02-06,India,Maharashtra,1020,583,4,0,93431480578993,14,9,0
2020-02-07,India,Maharashtra,1030,588,4,0,189091191907527,10,5,0
2020-02-08,India,Maharashtra,1043,599,4,0,392199305115744,13,11,0
2020-02-09,India,Maharashtra,1058,612,4,0,771216647079318,15,13,0
2020-02-10,India,Maharashtra,1073,624,4,0,1511097712195001,15,12,0
2020-02-11,India,Maharashtra,1088,633,4,0,3156618734427313,15,9,0
2020-02-12,India,Maharashtra,1100,641,4,0,6297168190622101,12,8,0
2020-02-13,India,Maharashtra,1109,645,4,0,13183859653162224,9,4,0
2020-02-14,India,Maharashtra,1117,651,4,0,27172876333695082,8,6,0
2020-02-15,India,Maharashtra,1123,655,4,0,56109744875574598,6,4,0
2020-02-16,India,Maharashtra,1137,661,4,0,110067535161097750,14,6,0
2020-02-17,India,Maharashtra,1146,664,4,0,216464286635369814,9,3,0
2020-02-18,India,Maharashtra,1157,668,4,0,447902995022806518,11,4,0
2020-02-19,India,Maharashtra,1170,673,4,0,893250064797348470,13,5,0
2020-02-20,India,Maharashtra,1178,679,4,0,1796116327575278838,8,6,0
2020-02-21,India,Maharashtra,1195,689,4,0,3674982260287717622,17,10,0
2020-02-22,India,Maharashtra,1206,694,4,0,7443539096743752438,11,5,0
2020-02-23,India,Maharashtra,1219,703,4,0,15277064434793364214,13,9,0
2020-02-24,India,Maharashtra,1230,711,4,0,31056364579753456374,11,8,0
2020-02-25,India,Maharashtra,1245,722,4,0,62873744050938585846,15,11,0
2020-02-26,India,Maharashtra,1258,731,4,0,129664320224641098486,13,9,0
2020-02-27,India,Maharashtra,1273,740,4,0,258216825135288148726,15,9,0
2020-02-28,India,Maharashtra,1294,757,4,0,513082920394750321398,21,17,0
2020-02-29,India,Maharashtra,1316,766,4,0,1021321821324759032566,22,9,0
2020-03-01,India,Maharashtra,1341,785,4,0,2058037631145926222582,25,19,0
2020-03-02,India,Maharashtra,1369,809,4,0,4225260106302448231158,28,24,0
2020-03-03,India,Maharashtra,1391,824,4,0,8242022599667747414774,22,15,0
2020-03-04,India,Maharashtra,1409,837,4,0,17012817669319331177206,18,13,0
2020-03-05,India,Maharashtra,1444,856,4,0,35170148480664226783990,35,19,0
2020-03-06,India,Maharashtra,1471,871,5,0,71221666926473584861942,27,15,1
2020-03-07,India,Maharashtra,1496,883,5,0,142833057988060501271286,25,12,0
2020-03-08,India,Maharashtra,1521,903,5,0,292608234282336924492534,25,20,0
2020-03-09,India,Maharashtra,1548,916,5,0,597261048156613838922486,27,13,0
2020-03-10,India,Maharashtra,1573,934,5,0,1192935831629844907057910,25,18,0
2020-03-11,India,Maharashtra,1604,957,5,0,2485520277853069969482486,31,23,0
2020-03-12,India,Maharashtra,1630,968,5,0,5039092324777990493332214,26,11,0
2020-03-13,India,Maharashtra,1655,978,5,0,10081217336645407530836726,25,10,0
2020-03-14,India,Maharashtra,1683,994,5,0,20558321570255440737493750,28,16,0
2020-03-15,India,Maharashtra,1716,1019,6,0,41696272829144656855458550,33,25,1
2020-03-16,India,Maharashtra,1765,1039,7,0,86356038642060233869386486,49,20,1
2020-03-17,India,Maharashtra,1787,1047,7,0,178409095783004820306682614,22,8,0
2020-03-18,India,Maharashtra,1817,1064,7,0,355920807932586620199920374,30,17,0
2020-03-19,India,Maharashtra,1853,1094,8,0,735708390527446431266530038,36,30,1
2020-03-20,India,Maharashtra,1881,1109,8,0,1459818562319129911191167734,28,15,0
2020-03-21,India,Maharashtra,1905,1127,8,0,2859312556676817843414131446,24,18,0
2020-03-22,India,Maharashtra,1924,1136,8,0,5636049431487687863204078326,19,9,0
2020-03-23,India,Maharashtra,1953,1155,8,0,11676026440760943885368713974,29,19,0
2020-03-24,India,Maharashtra,1982,1176,8,0,23372822562512300834025923318,29,21,0
2020-03-25,India,Maharashtra,2016,1197,9,0,48058220828424663325181764342,34,21,1
2020-03-26,India,Maharashtra,2031,1203,9,0,96940688866036770440416355062,15,6,0
2020-03-27,India,Maharashtra,2055,1218,9,0,190142945635116496948652696310,24,15,0
2020-03-28,India,Maharashtra,2075,1230,9,0,383123280425195677276334220022,20,12,0
2020-03-29,India,Maharashtra,2086,1236,9,0,749962616241015752702980285174,11,6,0
2020-03-30,India,Maharashtra,2103,1247,9,0,1532437229109829338305229513462,17,11,0
2020-03-31,India,Maharashtra,2127,1262,9,0,3045107622997309100439986791158,24,15,0
2020-04-01,India,Maharashtra,2148,1272,9,0,6290412913154375931533644554998,21,10,0
2020-04-02,India,Maharashtra,2166,1279,9,0,13140226649873573976021647516406,18,7,0
2020-04-03,India,Maharashtra,2179,1285,9,0,27294961757152852278684882068214,13,6,0
2020-04-04,India,Maharashtra,2198,1296,9,0,55194057150586170270198943736566,19,11,0
2020-04-05,India,Maharashtra,2215,1305,9,0,115241308632633499889923621675766,17,9,0
2020-04-06,India,Maharashtra,2232,1315,9,0,240596651422120945772783989187318,17,10,0
2020-04-07,India,Maharashtra,2253,1327,9,0,478221984120420354390810146923254,21,12,0
2020-04-08,India,Maharashtra,2266,1336,9,0,946276462832737350402254377083638,13,9,0
2020-04-09,India,Maharashtra,2284,1347,9,0,1850764878722940858800067444237046,18,11,0
2020-04-10,India,Maharashtra,2300,1361,9,0,3730202044706150628164697177219830,16,14,0
2020-04-11,India,Maharashtra,2312,1370,9,0,7471436381071757693221902809064182,12,9,0
2020-04-12,India,Maharashtra,2327,1381,9,0,15126901545943545293796043165033206,15,11,0
2020-04-13,India,Maharashtra,2334,1384,9,0,31437551666396866102099790623433462,7,3,0
2020-04-14,India,Maharashtra,2341,1387,9,0,63693676368350542351794818207212278,7,3,0
2020-04-15,India,Maharashtra,2350,1394,9,0,130829531529680540718826451764798198,9,7,0
2020-04-16,India,Maharashtra,2363,1400,9,0,265697009650575249061932861437272822,13,6,0
2020-04-17,India,Maharashtra,2371,1403,9,0,548619691172588602526958092800254710,8,3,0
2020-04-18,India,Maharashtra,2382,1412,9,0,1094841808929840780283998269038158582,11,9,0
2020-04-19,India,Maharashtra,2391,1415,9,0,2293722958806578534953327822987879158,9,3,0
2020-04-20,India,Maharashtra,2399,1421,9,0,4618168913510643435480468346127278838,8,6,0
2020-04-21,India,Maharashtra,2409,1428,9,0,9131237978368684909713515979840447222,10,7,0
2020-04-22,India,Maharashtra,2420,1436,9,0,18838997110908061280632452947821224694,11,8,0
2020-04-23,India,Maharashtra,2432,1444,9,0,38274710862189111984572037196048524022,12,8,0
2020-04-24,India,Maharashtra,2449,1457,9,0,80102588209906700363064250935840105206,17,13,0
2020-04-25,India,Maharashtra,2455,1461,9,0,164784130702588897093815926888765874934,6,4,0
2020-04-26,India,Maharashtra,2474,1473,9,0,330456796475820890299287114047101100790,19,12,0
2020-04-27,India,Maharashtra,2493,1484,9,0,678820820088381914653538856758231458550,19,11,0
2020-04-28,India,Maharashtra,2508,1491,9,0,1357873503741998104274591539332385366774,15,7,0
2020-04-29,India,Maharashtra,2530,1505,9,0,2748931824027747260012594762238562689782,22,14,0
2020-04-30,India,Maharashtra,2548,1519,9,0,5518901926422767339145160543958160925430,18,14,0
2020-05-01,India,Maharashtra,2565,1532,9,34,11562404683053883497875129570404122256118,17,13,0
2020-05-02,India,Maharashtra,2582,1543,9,93,22775130501445797538147759434649639084790,17,11,0
2020-05-03,India,Maharashtra,2602,1559,9,137,47133182896185459206790902745135751652086,20,16,0
2020-05-04,India,Maharashtra,2627,1580,9,182,96675012265662176698958409681991413293814,25,21,0
2020-05-05,India,Maharashtra,2650,1593,9,219,194382427412363752658676585277164383396598,23,13,0
2020-05-06,India,Maharashtra,2672,1609,9,266,380695622033887284185301140378616513192694,22,16,0
2020-05-07,India,Maharashtra,2701,1629,9,321,766245143557918783806306184416577377034998,29,20,0
2020-05-08,India,Maharashtra,2725,1643,9,371,1501936554724082066003630222000278223741686,24,14,0
2020-05-09,India,Maharashtra,2769,1669,10,419,3087505689249030632116536013619649587995382,44,26,1
2020-05-10,India,Maharashtra,2796,1682,10,464,6145001018977731984790340260860933934965494,27,13,0
2020-05-11,India,Maharashtra,2816,1699,10,516,12067614745500229866619047588780951208485622,20,17,0
2020-05-12,India,Maharashtra,2848,1712,11,570,23986000846384261271369125948610706819015414,32,13,1
2020-05-13,India,Maharashtra,2880,1729,11,635,49888827240578268307188206673342958385259254,32,17,0
2020-05-14,India,Maharashtra,2905,1747,11,679,100337544498167407365479346670332618817954550,25,18,0
2020-05-15,India,Maharashtra,2948,1782,11,718,205779167043003373740088545577399657834242806,43,35,0
2020-05-16,India,Maharashtra,2987,1802,11,770,423599949137294332034118894326650710191006454,39,20,0
2020-05-17,India,Maharashtra,3012,1813,11,825,881774340887574662488383134922590019234849526,25,11,0
2020-05-18,India,Maharashtra,3037,1826,11,874,1727730077213289042282937227316128882123891446,25,13,0
2020-05-19,India,Maharashtra,3068,1839,12,937,3586376784690161832116490211826716976462979830,31,13,1
2020-05-20,India,Maharashtra,3091,1856,12,974,7273951631346532039167880982427309304013415158,23,17,0
2020-05-21,India,Maharashtra,3128,1880,12,1034,14586217624439997472361869578683336342077203190,37,24,0
2020-05-22,India,Maharashtra,3160,1902,12,1082,29986625147062954848287013393294027393434411766,32,22,0
2020-05-23,India,Maharashtra,3177,1911,12,1128,58572485053127844060807759749100495037813777142,17,9,0
2020-05-24,India,Maharashtra,3192,1923,12,1176,120932624821479995983038914239353526636947989238,15,12,0
2020-05-25,India,Maharashtra,3213,1933,12,1229,239186229898860897810595567026623624189525385974,21,10,0
2020-05-26,India,Maharashtra,3242,1946,12,1273,477528379078547924263105379032682810731655619318,29,13,0
2020-05-27,India,Maharashtra,3266,1959,12,1319,987716799374626884000888059964797957154670142198,24,13,0
2020-05-28,India,Maharashtra,3299,1978,12,1378,2065481884297613687069099088289865639053501162230,33,19,0
2020-05-29,India,Maharashtra,3318,1990,12,1432,4293770246797165607475181004406073619665211908854,19,12,0
2020-05-30,India,Maharashtra,3337,1999,12,1486,8488302825674699326659759581083670335455006057206,19,9,0
2020-05-31,India,Maharashtra,3350,2004,12,1536,17484716794203066505134970949595124988873988924150,13,5,0
2020-06-01,India,Maharashtra,3361,2009,12,1583,34728678239574004607978752477408273660448837493494,11,5,0
2020-06-02,India,Maharashtra,3374,2018,12,1631,68021666804440048963069364475835117152348811059958,13,9,0
2020-06-03,India,Maharashtra,3391,2028,12,1685,138161239260247352630545799434277304135454349091574,17,10,0
2020-06-04,India,Maharashtra,3402,2034,12,1736,282500059654667220353145181731163742267343152636662,11,6,0
2020-06-05,India,Maharashtra,3417,2042,12,1779,580201743312072172447666386108909029024945228243702,15,8,0
2020-06-06,India,Maharashtra,3436,2054,12,1836,1132970739490129553657423068189713986294215852188406,19,12,0
2020-06-07,India,Maharashtra,3448,2062,12,1887,2252335471953576418754682611680385947908173348758262,12,8,0
2020-06-08,India,Maharashtra,3460,2071,12,1936,4454030175211353438610367713974991223763954402091766,12,9,0
2020-06-09,India,Maharashtra,3470,2079,12,1996,8730104214997657826363751466132187927966852506477302,10,8,0
2020-06-10,India,Maharashtra,3475,2081,12,2047,18076310931605892455513221491500882482199844589429494,5,2,0
2020-06-11,India,Maharashtra,3482,2085,12,2096,36250887037802142446206704977665798390861239639630582,7,4,0
2020-06-12,India,Maharashtra,3494,2089,12,2146,74287226082734929494045995894607128019537566854832886,12,4,0
2020-06-13,India,Maharashtra,3504,2096,12,2201,153573536502950641197403101962882095543457272771928822,10,7,0
2020-06-14,India,Maharashtra,3514,2103,12,2243,316566963221566337928114415424197937368968231356228342,10,7,0
2020-06-15,India,Maharashtra,3529,2113,12,2295,659525857301632086990361175986529604110487076431487734,15,10,0
2020-06-16,India,Maharashtra,3535,2117,12,2341,1306084201008675043680660723412098498034403786944439030,6,4,0
2020-06-17,India,Maharashtra,3542,2122,12,2378,2583680168031480551921435469305216902817820390053143286,7,5,0
2020-06-18,India,Maharashtra,3552,2129,12,2432,5143569565984410335277430395230031766568822664487002870,10,7,0
2020-06-19,India,Maharashtra,3570,2139,12,2486,10177267279516375547421472830197803106816500634751623926,18,10,0
2020-06-20,India,Maharashtra,3583,2148,12,2542,21033396822511009840563897131597861917626787917485073142,13,9,0
2020-06-21,India,Maharashtra,3590,2152,12,2587,41113399488304161332903577906598400678432949528814969590,7,4,0
2020-06-22,India,Maharashtra,3608,2164,12,2633,84283583481665566247820447774598459355113405594152231670,18,12,0
2020-06-23,India,Maharashtra,3627,2180,12,2691,174788336294387647600487315972401948908629006117067318006,19,16,0
2020-06-24,India,Maharashtra,3643,2187,12,2746,349401165420396283438340167016995939346012376597684314870,16,7,0
2020-06-25,India,Maharashtra,3656,2194,12,2793,682507617341094355157546159071539955624167751408662635254,13,7,0
2020-06-26,India,Maharashtra,3674,2207,12,2849,1332362170789020718651482583723638238223001977746719531766,18,13,0
2020-06-27,India,Maharashtra,3695,2224,12,2902,2710703230911780593201853092183999234211665102346608206582,21,17,0
2020-06-28,India,Maharashtra,3715,2241,12,2956,5465710387395271132530396513054652011812574827983097324278,20,17,0
2020-01-01,India,Kerala,116,23,1,0,1000,16,13,0
2020-01-02,India,Kerala,137,41,1,0,2047,21,18,0
2020-01-03,India,Kerala,164,59,1,0,4131,27,18,0
2020-01-04,India,Kerala,190,74,1,0,8159,26,15,0
2020-01-05,India,Kerala,214,91,1,0,16246,24,17,0
2020-01-06,India,Kerala,233,104,1,0,33398,19,13,0
2020-01-07,India,Kerala,258,124,1,0,65222,25,20,0
2020-01-08,India,Kerala,289,147,2,0,135037,31,23,1
2020-01-09,India,Kerala,330,173,2,0,266435,41,26,0
2020-01-10,India,Kerala,359,197,2,0,543241,29,24,0
2020-01-11,India,Kerala,385,207,2,0,1066210,26,10,0
2020-01-12,India,Kerala,416,233,2,0,2112892,31,26,0
2020-01-13,India,Kerala,440,246,2,0,4436197,24,13,0
2020-01-14,India,Kerala,469,258,2,0,8695178,29,12,0
2020-01-15,India,Kerala,490,267,2,0,17254753,21,9,0
2020-01-16,India,Kerala,519,280,2,0,34027948,29,13,0
2020-01-17,India,Kerala,545,294,2,0,67541253,26,14,0
2020-01-18,India,Kerala,568,307,2,0,132339299,23,13,0
2020-01-19,India,Kerala,592,318,2,0,275225886,24,11,0
2020-01-20,India,Kerala,615,332,2,0,559950162,23,14,0
2020-01-21,India,Kerala,649,355,2,0,1104004356,34,23,0
2020-01-22,India,Kerala,679,374,2,0,2228915914,30,19,0
2020-01-23,India,Kerala,703,384,2,0,4499656796,24,10,0
2020-01-24,India,Kerala,733,406,2,0,9356273372,30,22,0
2020-01-25,India,Kerala,756,424,2,0,19493120951,23,18,0
2020-01-26,India,Kerala,779,438,2,0,39451842125,23,14,0
2020-01-27,India,Kerala,803,451,2,0,79338471961,24,13,0
2020-01-28,India,Kerala,823,466,2,0,157047560391,20,15,0
2020-01-29,India,Kerala,856,488,2,0,317776891853,33,22,0
2020-01-30,India,Kerala,879,503,2,0,651204323894,23,15,0
2020-01-31,India,Kerala,893,509,2,0,1291212146740,14,6,0
2020-02-01,India,Kerala,906,519,2,0,2534717339530,13,10,0
2020-02-02,India,Kerala,925,534,2,0,5198489032119,19,15,0
2020-02-03,India,Kerala,938,544,2,0,10342326879173,13,10,0
2020-02-04,India,Kerala,958,559,2,0,20878557279136,20,15,0
2020-02-05,India,Kerala,971,567,2,0,40838643186062,13,8,0
2020-02-06,India,Kerala,983,573,2,0,82502649976667,12,6,0
2020-02-07,India,Kerala,996,579,2,0,166201405396866,13,6,0
2020-02-08,India,Kerala,1012,592,2,0,324852206645606,16,13,0
2020-02-09,India,Kerala,1020,597,2,0,677833644452113,8,5,0
2020-02-10,India,Kerala,1031,601,2,0,1377814821530899,11,4,0
2020-02-11,India,Kerala,1041,605,2,0,2779542742469668,10,4,0
2020-02-12,India,Kerala,1049,611,2,0,5673735855518259,8,6,0
2020-02-13,India,Kerala,1057,615,2,0,11397480226160887,8,4,0
2020-02-14,India,Kerala,1070,625,2,0,23383172661500579,13,10,0
2020-02-15,India,Kerala,1079,628,2,0,47437684292488111,9,3,0
2020-02-16,India,Kerala,1092,635,2,0,99345129771771407,13,7,0
2020-02-17,India,Kerala,1100,640,2,0,206361331356944063,8,5,0
2020-02-18,India,Kerala,1117,653,2,0,411121795353099647,17,13,0
2020-02-19,India,Kerala,1136,667,2,0,840087687241975999,19,14,0
2020-02-20,India,Kerala,1146,673,2,0,1681442231191163199,10,6,0
2020-02-21,India,Kerala,1154,679,2,0,3302107184692006719,8,6,0
2020-02-22,India,Kerala,1162,682,2,0,6660373897644411199,8,3,0
2020-02-23,India,Kerala,1175,690,2,0,13738197189727997247,13,8,0
2020-02-24,India,Kerala,1192,704,2,0,28349555962245825855,17,14,0
2020-02-25,India,Kerala,1199,707,2,0,57030224059770963263,7,3,0
2020-02-26,India,Kerala,1214,719,2,0,113894017471218672959,15,12,0
2020-02-27,India,Kerala,1233,728,2,0,227937935771027711295,19,9,0
2020-02-28,India,Kerala,1250,735,2,0,462649785167855854911,17,7,0
2020-02-29,India,Kerala,1266,743,2,0,932274750733122708799,16,8,0
2020-03-01,India,Kerala,1281,753,2,0,1866035223904335471935,15,10,0
2020-03-02,India,Kerala,1305,773,2,0,3797364492288508601663,24,20,0
2020-03-03,India,Kerala,1329,787,2,0,7411018803730510292287,24,14,0
2020-03-04,India,Kerala,1357,799,2,0,14967273230729738233151,28,12,0
2020-03-05,India,Kerala,1376,812,2,0,29259021288153192375615,19,13,0
2020-03-06,India,Kerala,1403,824,2,0,59547847320342982862143,27,12,0
2020-03-07,India,Kerala,1426,842,2,0,118437728195373508371775,23,18,0
2020-03-08,India,Kerala,1450,852,2,0,239088980447312050431295,24,10,0
2020-03-09,India,Kerala,1473,864,2,0,479105939834835677783359,23,12,0
2020-03-10,India,Kerala,1501,880,2,0,957841493608968575034687,28,16,0
2020-03-11,India,Kerala,1525,895,2,0,1988609500811655511057727,24,15,0
2020-03-12,India,Kerala,1549,914,2,0,3992514712554043862983999,24,19,0
2020-03-13,India,Kerala,1578,939,2,0,8344604935856218936747327,29,25,0
2020-03-14,India,Kerala,1611,952,2,0,16782354152358400099394879,33,13,0
2020-03-15,India,Kerala,1635,973,2,0,34524876989625005837952319,24,21,0
2020-03-16,India,Kerala,1655,982,2,0,72183657290163983002674495,20,9,0
2020-03-17,India,Kerala,1688,1001,2,0,145123883288638563060589887,33,19,0
2020-03-18,India,Kerala,1720,1017,2,0,290717191912501846034392383,32,16,0
2020-03-19,India,Kerala,1748,1037,2,0,584134825968289187159385407,28,20,0
2020-03-20,India,Kerala,1771,1055,2,0,1175791808077759772044076351,23,18,0
2020-03-21,India,Kerala,1794,1070,2,0,2381406509012375336782964031,23,15,0
2020-03-22,India,Kerala,1824,1088,2,0,4833526747599169505288299839,30,18,0
2020-03-23,India,Kerala,1854,1110,3,0,9531547692284581641115968831,30,22,1
2020-03-24,India,Kerala,1886,1136,3,0,19128444369515197591472612671,32,26,0
2020-03-25,India,Kerala,1920,1163,3,0,38775543431574096098260723007,34,27,0
2020-03-26,India,Kerala,1942,1175,3,0,77194343751798132637951894847,22,12,0
2020-03-27,India,Kerala,1980,1204,3,0,158299659694642508883256452415,38,29,0
2020-03-28,India,Kerala,2002,1215,3,0,309296234211782530930795652415,22,11,0
2020-03-29,India,Kerala,2025,1232,3,0,646670215871551768923677435199,23,17,0
2020-03-30,India,Kerala,2041,1240,3,0,1314013690421152928317652903231,16,8,0
2020-03-31,India,Kerala,2060,1249,3,0,2711588726467785303402188154175,19,9,0
2020-04-01,India,Kerala,2085,1263,3,0,5294346814126304389535142815039,25,14,0
2020-04-02,India,Kerala,2105,1272,3,0,10342803848042986220301515269439,20,9,0
2020-04-03,India,Kerala,2117,1282,3,0,20819486060129594499084729754943,12,10,0
2020-04-04,India,Kerala,2124,1286,3,0,40687477139733984356799430567231,7,4,0
2020-04-05,India,Kerala,2140,1298,3,0,79586279909050696017890672420159,16,12,0
2020-04-06,India,Kerala,2155,1311,3,0,158479035198241238006615878182207,15,13,0
2020-04-07,India,Kerala,2171,1324,3,0,322105514533762887444960104195391,16,13,0
2020-04-08,India,Kerala,2176,1328,3,0,638943890063685726876427345765695,5,4,0
2020-04-09,India,Kerala,2185,1335,3,0,1289074918298951378840048420037951,9,7,0
2020-04-10,India,Kerala,2195,1339,3,0,2659194299802483904654326299141439,10,4,0
2020-04-11,India,Kerala,2199,1341,3,0,5342815552378236199566568778147135,4,2,0
2020-04-12,India,Kerala,2210,1348,3,0,11027700272836535338074729728746815,11,7,0
2020-04-13,India,Kerala,2216,1351,3,0,22179664391012233820934515982378303,6,3,0
2020-04-14,India,Kerala,2228,1356,3,0,45569774070056759880879767489127743,12,5,0
2020-04-15,India,Kerala,2235,1359,3,0,94983517696168402063252455772169535,7,3,0
2020-04-16,India,Kerala,2243,1363,3,0,194797666909215678618961146607084863,8,4,0
2020-04-17,India,Kerala,2257,1369,3,0,390388389360244855305857036858729791,14,6,0
2020-04-18,India,Kerala,2269,1374,3,0,770404247516977690067009829727151423,12,5,0
2020-04-19,India,Kerala,2283,1383,3,0,1535736098186346901598981851948557631,14,9,0
2020-04-20,India,Kerala,2294,1389,3,0,3070769904447440465160761741018178879,11,6,0
2020-04-21,India,Kerala,2307,1395,3,0,6305405757970963447657468980407346495,13,6,0
2020-04-22,India,Kerala,2323,1407,3,0,13069574324435720620831186516839540031,16,12,0
2020-04-23,India,Kerala,2333,1412,3,0,25687286267937622648381295301939471679,10,5,0
2020-04-24,India,Kerala,2345,1420,3,0,52720069223774114010234319994540303679,12,8,0
2020-04-25,India,Kerala,2361,1428,3,0,104593499712339448456570534749641155903,16,8,0
2020-04-26,India,Kerala,2379,1440,3,0,207388732100526551111359018278078948671,18,12,0
2020-04-27,India,Kerala,2388,1446,3,0,405807802651712082600740523302071608639,9,6,0
2020-04-28,India,Kerala,2409,1459,3,0,811532709202813900244194416892078761279,21,13,0
2020-04-29,India,Kerala,2427,1466,3,0,1585879233613121364100239376506708600127,18,7,0
2020-04-30,India,Kerala,2449,1480,3,0,3162861374552263967315279244651265041727,22,14,0
2020-05-01,India,Kerala,2471,1494,3,52,6210219883800314269938847698517512725823,22,14,0
2020-05-02,India,Kerala,2501,1508,3,102,12383197161032684567972553354618012214591,30,14,0
2020-05-03,India,Kerala,2531,1530,3,148,25904270168993082015780599138546433959231,30,22,0
2020-05-04,India,Kerala,2551,1544,3,194,52819304428403612281489833429735368074559,20,14,0
2020-05-05,India,Kerala,2577,1556,3,256,109585676631555028951306807348584207394111,26,12,0
2020-05-06,India,Kerala,2595,1569,3,303,215635329588665168525286048984579048514879,18,13,0
2020-05-07,India,Kerala,2623,1581,3,355,432779429787322173744229118379369689031999,28,12,0
2020-05-08,India,Kerala,2646,1593,3,406,855403492311586247474111691088696411465023,23,12,0
2020-05-09,India,Kerala,2679,1611,3,460,1754326569171984891483482080577850911532351,33,18,0
2020-05-10,India,Kerala,2701,1621,3,514,3603410139320514915973266798411715425903935,22,10,0
2020-05-11,India,Kerala,2737,1648,3,563,7127530809395375243891867969844446750614847,36,27,0
2020-05-12,India,Kerala,2773,1664,4,612,14014198717182415430642502792426432707470655,36,16,1
2020-05-13,India,Kerala,2803,1676,4,663,28558668823724519203672316618553888174286143,30,12,0
2020-05-14,India,Kerala,2835,1689,4,707,58642272372660686336151689448583328526542143,32,13,0
2020-05-15,India,Kerala,2867,1714,4,754,120775710256461261298557442629540583894459711,32,25,0
2020-05-16,India,Kerala,2896,1735,4,815,242009551441160572938003982647404699741889855,29,21,0
2020-05-17,India,Kerala,2923,1756,4,869,483947185584074511842141116188790348444640575,27,21,0
2020-05-18,India,Kerala,2957,1776,5,909,961908847036040835087569957627598153080415551,34,20,1
2020-05-19,India,Kerala,3002,1795,5,951,1948721271863114347351741302650112025588442431,45,19,0
2020-05-20,India,Kerala,3028,1806,5,999,3921263416987426090567551908548137630893647167,26,11,0
2020-05-21,India,Kerala,3055,1817,5,1040,8199658224719191856395479629667034268994413887,27,11,0
2020-05-22,India,Kerala,3084,1834,5,1088,16145320584142050841595080836870927828486497599,29,17,0
2020-05-23,India,Kerala,3114,1846,5,1147,32924901367472190084614430734850510543550195007,30,12,0
2020-05-24,India,Kerala,3137,1861,5,1208,66998143749627147028371842538171661512666555711,23,15,0
2020-05-25,India,Kerala,3159,1871,5,1264,136632796684961950615250737281869555532046574911,22,10,0
2020-05-26,India,Kerala,3188,1889,5,1320,283417128142285279242448187857238401897073780031,29,18,0
2020-05-27,India,Kerala,3221,1916,6,1375,560194651296262874203061562781028791350668076351,33,27,1
2020-05-28,India,Kerala,3242,1930,6,1425,1148868255930579358477991640870283730665561171263,21,14,0
2020-05-29,India,Kerala,3273,1957,6,1470,2380636566877343193540524327132883322224534136127,31,27,0
2020-05-30,India,Kerala,3292,1968,6,1531,4856306171834845463228235090947915693217818912063,19,11,0
2020-05-31,India,Kerala,3307,1974,6,1583,10071741632116408617780585685130543116856204502335,15,6,0
2020-06-01,India,Kerala,3329,1991,6,1635,20824945571779591869756455305851975897210823943487,22,17,0
2020-06-02,India,Kerala,3356,2009,6,1686,42563015410484799717243229725253175373318152299839,27,18,0
2020-06-03,India,Kerala,3364,2015,6,1739,84445699062368781883413363610496139784966941746495,8,6,0
2020-06-04,India,Kerala,3378,2021,6,1773,169567475336283621825758890276537283071956721116479,14,6,0
2020-06-05,India,Kerala,3392,2029,6,1823,334352978955660685176870887984883462134450584855871,14,8,0
2020-06-06,India,Kerala,3399,2033,6,1891,679967317764221738778252079808617412031650050647359,7,4,0
2020-06-07,India,Kerala,3406,2036,6,1949,1391781467334493273314318479577166751192274121565503,7,3,0
2020-06-08,India,Kerala,3412,2038,6,1993,2822232543495459000148651745052193777335238960129343,6,2,0
2020-06-09,India,Kerala,3431,2049,6,2046,5535847824851850015199103823109739625368503799817535,19,11,0
2020-06-10,India,Kerala,3442,2053,6,2098,10941948321215249567070017147129209606131965845611839,11,4,0
2020-06-11,India,Kerala,3451,2057,6,2155,21630642465081990093300355931924750759542923552924991,9,4,0
2020-06-12,India,Kerala,3462,2066,6,2202,43090189186893970456270673197127302326201871623038271,11,9,0
2020-06-13,India,Kerala,3469,2070,6,2259,85195068852362297400214317096835131004092476725175615,7,4,0
2020-06-14,India,Kerala,3481,2078,6,2318,176407025363731597119360875711529635074670491429020991,12,8,0
2020-06-15,India,Kerala,3493,2085,6,2359,354650610634383154446185064260703937755795080884561215,12,7,0
2020-06-16,India,Kerala,3502,2089,6,2402,738361371925608785872700504655305698213146718332036415,9,4,0
2020-06-17,India,Kerala,3514,2096,6,2453,1505568377558630555175008180123158733456492582364292415,12,7,0
2020-06-18,India,Kerala,3525,2103,6,2509,3103489386600548889826324921073919023979457388298151231,11,7,0
2020-06-19,India,Kerala,3534,2109,6,2561,6393975733504701837732057139219321779116747508198450495,9,6,0
2020-06-20,India,Kerala,3541,2113,6,2606,12960948014387780457593465691095403179665213374815315263,7,4,0
2020-06-21,India,Kerala,3553,2122,6,2670,26410837057011552368266522451820154908728900576495052095,12,9,0
2020-06-22,India,Kerala,3566,2131,6,2720,53114961933566909102028238534449348869180300726848496959,13,9,0
2020-06-23,India,Kerala,3576,2139,6,2772,110670269264105269379809971502512672641564027168734881087,10,8,0
2020-06-24,India,Kerala,3590,2150,6,2817,218808156258758820531426724832810588777205824239364515135,14,11,0
2020-06-25,India,Kerala,3603,2158,6,2869,440674148205402492259140775854766919821010324910243882303,13,8,0
2020-06-26,India,Kerala,3613,2164,6,2917,878040005981879925722237830667705498241963621271740654911,10,6,0
2020-06-27,India,Kerala,3633,2181,6,2977,1732432248520976904669610578723244430643400263259725538623,20,17,0
2020-06-28,India,Kerala,3653,2195,6,3032,3637314982746131902906160346949487380335975150079329740095,20,14,0
2020-01-01,Brazil,Sao Paulo,126,23,1,0,994,26,13,0
2020-01-02,Brazil,Sao Paulo,143,37,1,0,2038,17,14,0
2020-01-03,Brazil,Sao Paulo,161,51,1,0,4099,18,14,0
2020-01-04,Brazil,Sao Paulo,181,66,1,0,8586,20,15,0
2020-01-05,Brazil,Sao Paulo,203,82,1,0,17483,22,16,0
2020-01-06,Brazil,Sao Paulo,223,93,1,0,35783,20,11,0
2020-01-07,Brazil,Sao Paulo,253,111,1,0,70842,30,18,0
2020-01-08,Brazil,Sao Paulo,278,132,1,0,140084,25,21,0
2020-01-09,Brazil,Sao Paulo,318,154,1,0,283379,40,22,0
2020-01-10,Brazil,Sao Paulo,338,165,1,0,589803,20,11,0
2020-01-11,Brazil,Sao Paulo,363,185,1,0,1163094,25,20,0
2020-01-12,Brazil,Sao Paulo,395,205,1,0,2357109,32,20,0
2020-01-13,Brazil,Sao Paulo,417,222,1,0,4644907,22,17,0
2020-01-14,Brazil,Sao Paulo,459,252,2,0,9623280,42,30,1
2020-01-15,Brazil,Sao Paulo,501,286,2,0,19783116,42,34,0
2020-01-16,Brazil,Sao Paulo,535,303,3,0,39078158,34,17,1
2020-01-17,Brazil,Sao Paulo,564,320,3,0,81105401,29,17,0
2020-01-18,Brazil,Sao Paulo,594,342,3,0,165507488,30,22,0
2020-01-19,Brazil,Sao Paulo,623,365,3,0,325356309,29,23,0
2020-01-20,Brazil,Sao Paulo,658,391,3,0,677356675,35,26,0
2020-01-21,Brazil,Sao Paulo,690,410,4,0,1325640866,32,19,1
2020-01-22,Brazil,Sao Paulo,720,425,5,0,2644310011,30,15,1
2020-01-23,Brazil,Sao Paulo,752,440,5,0,5372282290,32,15,0
2020-01-24,Brazil,Sao Paulo,776,455,5,0,11185022930,24,15,0
2020-01-25,Brazil,Sao Paulo,802,467,6,0,22230187590,26,12,1
2020-01-26,Brazil,Sao Paulo,818,478,6,0,44756677684,16,11,0
2020-01-27,Brazil,Sao Paulo,847,501,6,0,90088275752,29,23,0
2020-01-28,Brazil,Sao Paulo,869,518,6,0,180007922594,22,17,0
2020-01-29,Brazil,Sao Paulo,890,530,6,0,356530228649,21,12,0
2020-01-30,Brazil,Sao Paulo,910,538,6,0,740364223781,20,8,0
2020-01-31,Brazil,Sao Paulo,933,548,6,0,1524117032624,23,10,0
2020-02-01,Brazil,Sao Paulo,960,560,6,0,3051777311368,27,12,0
2020-02-02,Brazil,Sao Paulo,976,572,6,0,5967257775999,16,12,0
2020-02-03,Brazil,Sao Paulo,984,575,6,0,12354373406359,8,3,0
2020-02-04,Brazil,Sao Paulo,998,585,6,0,25687421393560,14,10,0
2020-02-05,Brazil,Sao Paulo,1018,600,6,0,53900586268767,20,15,0
2020-02-06,Brazil,Sao Paulo,1035,611,6,0,112039353599281,17,11,0
2020-02-07,Brazil,Sao Paulo,1043,615,6,0,225257601562507,8,4,0
2020-02-08,Brazil,Sao Paulo,1054,619,6,0,447400967710179,11,4,0
2020-02-09,Brazil,Sao Paulo,1063,623,6,0,891985170925951,9,4,0
2020-02-10,Brazil,Sao Paulo,1073,631,6,0,1805327629598843,10,8,0
2020-02-11,Brazil,Sao Paulo,1082,638,6,0,3600992318225511,9,7,0
2020-02-12,Brazil,Sao Paulo,1090,641,6,0,7088102099530533,8,3,0
2020-02-13,Brazil,Sao Paulo,1101,645,6,0,14023946910243255,11,4,0
2020-02-14,Brazil,Sao Paulo,1114,650,6,0,27866202019192251,13,5,0
2020-02-15,Brazil,Sao Paulo,1128,661,6,0,56478300576260831,14,11,0
2020-02-16,Brazil,Sao Paulo,1143,669,6,0,113326990910994823,15,8,0
2020-02-17,Brazil,Sao Paulo,1152,673,6,0,223836104027952199,9,4,0
2020-02-18,Brazil,Sao Paulo,1160,679,6,0,458154487157775175,8,6,0
2020-02-19,Brazil,Sao Paulo,1167,682,6,0,921819418037600391,7,3,0
2020-02-20,Brazil,Sao Paulo,1177,686,6,0,1928600124614797959,10,4,0
2020-02-21,Brazil,Sao Paulo,1188,692,6,0,3816318579742508167,11,6,0
2020-02-22,Brazil,Sao Paulo,1202,698,6,0,7621399890027993223,14,6,0
2020-02-23,Brazil,Sao Paulo,1217,705,6,0,15792741614068771975,15,7,0
2020-02-24,Brazil,Sao Paulo,1230,711,6,0,31506276926960686215,13,6,0
2020-02-25,Brazil,Sao Paulo,1247,723,6,0,65331404738667725959,17,12,0
2020-02-26,Brazil,Sao Paulo,1259,732,6,0,128472865972849468551,12,9,0
2020-02-27,Brazil,Sao Paulo,1282,749,6,0,263819933858497815687,23,17,0
2020-02-28,Brazil,Sao Paulo,1297,759,6,0,529755990176187999367,15,10,0
2020-02-29,Brazil,Sao Paulo,1308,765,6,0,1105401531302673310855,11,6,0
2020-03-01,Brazil,Sao Paulo,1322,777,6,0,2315677864819951592583,14,12,0
2020-03-02,Brazil,Sao Paulo,1339,788,6,0,4708002324253127402631,17,11,0
2020-03-03,Brazil,Sao Paulo,1361,798,6,0,9412123982618336617607,22,10,0
2020-03-04,Brazil,Sao Paulo,1382,809,6,0,19395461913910804145287,21,11,0
2020-03-05,Brazil,Sao Paulo,1407,819,6,0,39174089908471022937223,25,10,0
2020-03-06,Brazil,Sao Paulo,1428,837,6,0,78399885307128852178055,21,18,0
2020-03-07,Brazil,Sao Paulo,1467,862,6,0,163576050743715149833351,39,25,0
2020-03-08,Brazil,Sao Paulo,1495,884,6,0,329614599842343129900167,28,22,0
2020-03-09,Brazil,Sao Paulo,1529,911,7,0,673561355353030355510407,34,27,1
2020-03-10,Brazil,Sao Paulo,1561,937,7,0,1318624005694809703900295,32,26,0
2020-03-11,Brazil,Sao Paulo,1588,953,7,0,2641925651271174222963847,27,16,0
2020-03-12,Brazil,Sao Paulo,1619,977,7,0,5232623461370624424207495,31,24,0
2020-03-13,Brazil,Sao Paulo,1645,993,7,0,10962820638308644985169031,26,16,0
2020-03-14,Brazil,Sao Paulo,1674,1017,7,0,22540566022573846374573191,29,24,0
2020-03-15,Brazil,Sao Paulo,1700,1029,7,0,43957293511138014213366919,26,12,0
2020-03-16,Brazil,Sao Paulo,1725,1049,7,0,86726495007690167311328391,25,20,0
2020-03-17,Brazil,Sao Paulo,1759,1075,8,0,181805753622514868254336135,34,26,1
2020-03-18,Brazil,Sao Paulo,1790,1097,8,0,378994018927345960184374407,31,22,0
2020-03-19,Brazil,Sao Paulo,1812,1114,8,0,761416163081700344354759815,22,17,0
2020-03-20,Brazil,Sao Paulo,1841,1130,9,0,1494827565049764963578995847,29,16,1
2020-03-21,Brazil,Sao Paulo,1864,1141,9,0,3034951641935006608414663815,23,11,0
2020-03-22,Brazil,Sao Paulo,1894,1156,9,0,6064774610986698500939900039,30,15,0
2020-03-23,Brazil,Sao Paulo,1922,1176,9,0,12693379292073808280606401671,28,20,0
2020-03-24,Brazil,Sao Paulo,1949,1187,9,0,24983051363986415741639779463,27,11,0
2020-03-25,Brazil,Sao Paulo,1972,1202,9,0,49339984978422977720443397255,23,15,0
2020-03-26,Brazil,Sao Paulo,1995,1222,9,0,103041159035332679454070072455,23,20,0
2020-03-27,Brazil,Sao Paulo,2023,1235,9,0,210565323068216448131217679495,28,13,0
2020-03-28,Brazil,Sao Paulo,2047,1250,9,0,427004766717969884357653357703,24,15,0
2020-03-29,Brazil,Sao Paulo,2064,1260,9,0,860695370707932840346034562183,17,10,0
2020-03-30,Brazil,Sao Paulo,2082,1270,9,0,1797473432949914416260505330823,18,10,0
2020-03-31,Brazil,Sao Paulo,2102,1285,9,0,3633080895525057945819231478919,20,15,0
2020-04-01,Brazil,Sao Paulo,2119,1291,9,0,7488141352231512667804394775687,17,6,0
2020-04-02,Brazil,Sao Paulo,2137,1306,9,0,15291742648959993332507180721287,18,15,0
2020-04-03,Brazil,Sao Paulo,2150,1313,9,0,30062404686367557059025265157255,13,7,0
2020-04-04,Brazil,Sao Paulo,2170,1322,9,0,62088247243092340009559733494919,20,9,0
2020-04-05,Brazil,Sao Paulo,2180,1326,9,0,122170787833737167768500225631367,10,4,0
2020-04-06,Brazil,Sao Paulo,2199,1337,9,0,246462677656446764318643176531079,19,11,0
2020-04-07,Brazil,Sao Paulo,2213,1344,9,0,484544032823751386587256765998215,14,7,0
2020-04-08,Brazil,Sao Paulo,2224,1352,9,0,1015367432412204562043444735173767,11,8,0
2020-04-09,Brazil,Sao Paulo,2240,1364,9,0,2076036054499635018430666606306439,16,12,0
2020-04-10,Brazil,Sao Paulo,2251,1372,9,0,4147309561369821544281269855511687,11,8,0
2020-04-11,Brazil,Sao Paulo,2268,1382,9,0,8466958295405754545779512870102151,17,10,0
2020-04-12,Brazil,Sao Paulo,2279,1388,9,0,17220800165998959700534454688081031,11,6,0
2020-04-13,Brazil,Sao Paulo,2289,1392,9,0,34554360841526855557667996470535303,10,4,0
2020-04-14,Brazil,Sao Paulo,2300,1400,9,0,70364765372377624612086911633646727,11,8,0
2020-04-15,Brazil,Sao Paulo,2306,1404,9,0,146497728981085741638294238171423879,6,4,0
2020-04-16,Brazil,Sao Paulo,2317,1410,9,0,305641724206120325568813068742747271,11,6,0
2020-04-17,Brazil,Sao Paulo,2330,1417,9,0,630681814423513650408299792996689031,13,7,0
2020-04-18,Brazil,Sao Paulo,2340,1424,9,0,1260685985278539480043601513177080967,10,7,0
2020-04-19,Brazil,Sao Paulo,2350,1432,9,0,2482987825920562319186951737571730567,10,8,0
2020-04-20,Brazil,Sao Paulo,2358,1436,9,0,4849651082699594648068193801823773831,8,4,0
2020-04-21,Brazil,Sao Paulo,2364,1441,9,0,10060285336147786602031360366639244423,6,5,0
2020-04-22,Brazil,Sao Paulo,2378,1453,9,0,20118818958403513910039187399416145031,14,12,0
2020-04-23,Brazil,Sao Paulo,2398,1468,9,0,39424217638056526946750607395669861511,20,15,0
2020-04-24,Brazil,Sao Paulo,2411,1475,9,0,80678373890489184772313109891447710855,13,7,0
2020-04-25,Brazil,Sao Paulo,2424,1483,9,0,159509102586061380695068698125949920391,13,8,0
2020-04-26,Brazil,Sao Paulo,2448,1496,9,0,320463879433281546350662408833888347271,24,13,0
2020-04-27,Brazil,Sao Paulo,2466,1509,9,0,627714615900967648692175723047190717575,18,13,0
2020-04-28,Brazil,Sao Paulo,2481,1516,9,0,1261704779011145386034783145487324603527,15,7,0
2020-04-29,Brazil,Sao Paulo,2491,1524,9,0,2573462903187710744886488754593667146887,10,8,0
2020-04-30,Brazil,Sao Paulo,2513,1540,9,0,5213052462242313167726140970529455531143,22,16,0
2020-05-01,Brazil,Sao Paulo,2536,1553,9,50,10494450567390564860355995218310507979911,23,13,0
2020-05-02,Brazil,Sao Paulo,2561,1572,9,99,21183396998963172618868545727234752046215,25,19,0
2020-05-03,Brazil,Sao Paulo,2584,1587,9,142,44096681264299483087268917665878204933255,23,15,0
2020-05-04,Brazil,Sao Paulo,2609,1609,9,191,87912534054615826731047923185602130273415,25,22,0
2020-05-05,Brazil,Sao Paulo,2631,1619,9,240,181715842008922723260173705976604465226887,22,10,0
2020-05-06,Brazil,Sao Paulo,2651,1636,9,290,381279561688107075464418903557510486484103,20,17,0
2020-05-07,Brazil,Sao Paulo,2685,1661,10,329,746364770628440855639847846455860056745095,34,25,1
2020-05-08,Brazil,Sao Paulo,2709,1671,10,370,1542118618154589580137075904348045327131783,24,10,0
2020-05-09,Brazil,Sao Paulo,2739,1683,10,419,3009563201296828400142451089977749741692039,30,12,0
2020-05-10,Brazil,Sao Paulo,2767,1706,11,471,6020247328541581884932273066662500813431943,28,23,1
2020-05-11,Brazil,Sao Paulo,2810,1732,11,512,12605379165604318277292865265376364613526663,43,26,0
2020-05-12,Brazil,Sao Paulo,2836,1747,12,564,24684420043785756132926044515481821405176967,26,15,1
2020-05-13,Brazil,Sao Paulo,2859,1762,12,602,49306353197035531486000959949015952372720775,23,15,0
2020-05-14,Brazil,Sao Paulo,2886,1785,12,667,102143166301734156531982263387874012295521415,27,23,0
2020-05-15,Brazil,Sao Paulo,2917,1801,12,712,209795560807995058202950009446290486906512519,31,16,0
2020-05-16,Brazil,Sao Paulo,2947,1815,13,762,435954667234162932599576844987221696799237255,30,14,1
2020-05-17,Brazil,Sao Paulo,2972,1833,13,814,914869517408010408061160888753268584256824455,25,18,0
2020-05-18,Brazil,Sao Paulo,3006,1853,13,870,1843252631252811408682934880063802725539177607,34,20,0
2020-05-19,Brazil,Sao Paulo,3040,1872,14,914,3660226840280085044047504981786031973335491719,34,19,1
2020-05-20,Brazil,Sao Paulo,3065,1890,14,973,7382046777910784788468065464385960429959439495,25,18,0
2020-05-21,Brazil,Sao Paulo,3094,1910,14,1012,14806957670077609862276231582510447531260306567,29,20,0
2020-05-22,Brazil,Sao Paulo,3120,1923,15,1056,31001634043956279051175140957322812779274888327,26,13,1
2020-05-23,Brazil,Sao Paulo,3146,1940,15,1111,61724909912615255543494894566851268757129979015,26,17,0
2020-05-24,Brazil,Sao Paulo,3160,1948,15,1157,124909796922007576801091160222564960695062291591,14,8,0
2020-05-25,Brazil,Sao Paulo,3184,1964,15,1211,248100858954268111970674512392487809674286392455,24,16,0
2020-05-26,Brazil,Sao Paulo,3210,1983,15,1266,505982200472713261852972053648418407472952697991,26,19,0
2020-05-27,Brazil,Sao Paulo,3239,2006,15,1303,1003179634618231619659561504113723139759866832007,29,23,0
2020-05-28,Brazil,Sao Paulo,3259,2019,15,1347,1999797669435328568860237692759390689321574392967,20,13,0
2020-05-29,Brazil,Sao Paulo,3279,2029,15,1404,4016868819269682425616769685576209228628537828487,20,10,0
2020-05-30,Brazil,Sao Paulo,3291,2035,15,1451,8301498846349944508313956743429879391032721204359,12,6,0
2020-05-31,Brazil,Sao Paulo,3307,2047,15,1497,16697447067042360996619178266625595511937892279431,16,12,0
2020-06-01,Brazil,Sao Paulo,3328,2063,15,1552,33677898396307798932110555386029095557457507705991,21,16,0
2020-06-02,Brazil,Sao Paulo,3347,2079,15,1603,69469749197971933669903126306313890044174818272391,19,16,0
2020-06-03,Brazil,Sao Paulo,3363,2090,15,1656,141398432108685915026369708617377005164876264825991,16,11,0
2020-06-04,Brazil,Sao Paulo,3369,2093,15,1706,279582105772617528548413046531017812384369337623687,6,3,0
2020-06-05,Brazil,Sao Paulo,3380,2098,15,1760,581574203214541050835635312490364256693668860585095,11,5,0
2020-06-06,Brazil,Sao Paulo,3396,2109,15,1813,1184435772911485077260585055158120064853508361741447,16,11,0
2020-06-07,Brazil,Sao Paulo,3409,2118,15,1858,2386936784268666787431048825783243247012458914047111,13,9,0
2020-06-08,Brazil,Sao Paulo,3424,2124,15,1909,4968573935622614361452697284052834242917555892577415,15,6,0
2020-06-09,Brazil,Sao Paulo,3430,2129,15,1946,10155309040861468909812865794054739505716839637771399,6,5,0
2020-06-10,Brazil,Sao Paulo,3436,2132,15,2004,20732636257413826243245620798354732233239252279157895,6,3,0
2020-06-11,Brazil,Sao Paulo,3442,2135,15,2059,41488996788529461996295631733460448156586511078712455,6,3,0
2020-06-12,Brazil,Sao Paulo,3454,2140,15,2120,87017876232335154198511645575321147074725355141391495,12,5,0
2020-06-13,Brazil,Sao Paulo,3464,2146,15,2173,181804998218488348958212066623565097113359968026158215,10,6,0
2020-06-14,Brazil,Sao Paulo,3474,2154,15,2220,367551547567350751250602491907839118399448880892011655,10,8,0
2020-06-15,Brazil,Sao Paulo,3486,2160,15,2273,723630960329953053031524393523384954052914494888666247,12,6,0
2020-06-16,Brazil,Sao Paulo,3497,2169,15,2310,1460935327991115719531314418235543736158298811387012231,11,9,0
2020-06-17,Brazil,Sao Paulo,3511,2177,15,2354,3041036331299464656853452483498855059750396751647270023,14,8,0
2020-06-18,Brazil,Sao Paulo,3518,2182,15,2403,6276714908449817379694875953523384173706753817896739975,7,5,0
2020-06-19,Brazil,Sao Paulo,3530,2191,15,2446,12415269997899079669188620868658029676196215696995574919,12,9,0
2020-06-20,Brazil,Sao Paulo,3535,2195,15,2497,24301037380673638439736702353628921376889615985738704007,5,4,0
2020-06-21,Brazil,Sao Paulo,3546,2202,15,2552,47484014527117461240717870855275050568241578860290172039,11,7,0
2020-06-22,Brazil,Sao Paulo,3560,2212,15,2592,95104410600917796890132533196607810274174678637175301255,14,10,0
2020-06-23,Brazil,Sao Paulo,3570,2220,15,2648,194273845547822584370261153064367212221704058040682472583,10,8,0
2020-06-24,Brazil,Sao Paulo,3589,2234,15,2701,387172282074908955255052429751177995677108729676639429767,19,14,0
2020-06-25,Brazil,Sao Paulo,3615,2251,15,2743,796348738372817597547815529657548034020523728551584130183,26,17,0
2020-06-26,Brazil,Sao Paulo,3632,2259,15,2793,1643541576202167603196368273740514981492960311921383761031,17,8,0
2020-06-27,Brazil,Sao Paulo,3645,2265,15,2845,3373392772325802866252084226881468765405227772481134584967,13,6,0
2020-06-28,Brazil,Sao Paulo,3661,2274,15,2890,6725996483792976710933618082655473509037840902598702851207,16,9,0
